,sentence,label
1110120,I wanted to go to the Cyndi Lauper concert in Munich... but now it's canceled ,0
745663,Ceremony in 20 mins ,1
1940,"Has blanked miquita oliver, nick grimshaw and the jonas brothers! Great day so far ",1
13500,True blood season 2 ,1
1069752,@Alexxan hahaha. tweetspam?  could be worse!,1
1275661,"@Akula Yup. It's live at 11am your time on Thursday. Speaking of, I'll be on campus Monday and Tuesday again. No where near you though. ",0
356724,@Shylita damn... I wish I had some $! broke like a joke&lt;---- not funny! ,0
1339588,"@reba wow 8 different looks , Reba you are very busy this days , but you always have time for fun that's nice ",1
410775,Horrible headache to deal with now! N idk if i'ma see my corey this weekend ,0
1090268,time to put on rubber boots and do chores. Humm. Irrigation boots and shorts; always in fashion here. ,1
540101,"@jeaneties yeah, I really am a Loner, I even walk alone these days ",0
49618,Not looking forward to today ,0
1040736,is sooo sick!  And going in for surgery on thursday,0
1413106,@x_charlotteee you said its too heavy for me to do that  and i said  ... lmaooo,0
168628,@mileycyrus please come to denmark soon!  &lt;33,1
774924,"I didnt use my time wisely. SOJU, MOBTV. EATING. PROCRASTINATING. ",0
1564255,So sick! Stupid vacation  fever swollen throat FML,0
739257,going out....can't wait for next week. ,1
83400,is SAD...  ,0
569861,I really hate iTunes right now ,0
1286580,ughhh i need to lose at least 15 pounds in less than 3 months  fml,0
1342405,"I'm on a super high right now!! cheer up everybody, after all....doot da doo life's good! priority @mileycyrus tickets BO'YEAH  xoxo",1
887096,@gsik if u figure it out please tell me. I'm struggling with mtnl too ,0
601411,Completely out of sorts right now. This is the precise reason I avoid even 15 minute naps during the day. Blech. ,0
1116107,BOm dia people ,1
385902,@officialTila We can play dress up and go shopping and I can design you hot clothes!! ,1
1033358,@LindsayLaird I am lost. Please help me find a good home. ,0
450940,@zaigalib that is an incomplete statement ,1
1394773,My boss took my position at the register. Now I have to limp around. Pooface. ,0
637711,@circasurvive watched how it ends online and apparently there were permit issues?? update us please! ,0
746788,is in floww-reee-duhhh  sarasota/tampa bay area with the loves.,1
1474451,we're putting up the trampoline  The snow has finally melted enough in the front yard.,1
206856,"@TheBestDertEver which also, btw, worked with the konami code ",1
321029,Fine time for my computer to freeze ,0
1589952,Just woke up... Missing her pimp daddy  Thinking about what I want to do today... hmmmm,0
880707,"for the past week, when i woke up in the morninq, i didnt even bother lookinq out the window cuz i knew RAIN was the verdict ",0
1564858,mythbusters just told me that Point Break is not real! ,0
1321453,Awake... Wondering... What am I doing? Seriously... It's like I don't have a heart anymore... ,0
547510,"@shilkytouch the little I saw was pretty good...but alas, been busy all day so have missed much ",0
104258,GO FIRE!!!!! Soccer game with Alex!!!!   http://mypict.me/2KCs,1
1297682,"@erinmorrrissey Glad you r doin well! Me 2! Take care Erin and remember, irish eyes are smilin!!!   ",1
1234566,MY PHONE IS DEAD!!!  guess i'm getting that blackberry sooner than I thought...,0
855267,Only 1 person noticed I wore my s'moovs shirt on today.  That means the pop culture phenomena is fading ,0
337196,i feel sick  &amp; i just turned on my laptop ill be fixing my myspace page!,0
249093,@Tremore why not share with the world your technological discovery? ,0
843119,Txting friends.....my day is going so good so far       ,1
425175,@jordanknight Morning! Where are you going? Leaving us sooo soon! ,0
1088779,mummy just said that I'm FAT....again.... sob ... ,0
889771,guys are more romantic than girls....end of story ,1
3922,has very low vitamin D ,0
938527,@LTLline:hey johnta can say whatever he wants i'm a true lifer  and i'm ok with him speaking his mind ,1
880386,"@JonathanRKnight Even those of us who have been 2 shows already would still be sad.don't know what pple sd,but ur post sounds kinda mean ",0
806316,I forgot my sailor uniform and lost my wallet I can't cut a break ,0
1190521,"Soooo, got stood up again by my bff  and I really don't understand why I don't care anymore...",0
674746,"hi all, had tea with catherine - off to clean my bathrooms now ",1
973945,@KrispeeKlean LOL Cant  ... i was there last weekend lol...,0
271316,@tomfelton http://twitpic.com/6r47s - awww so cute!!! she's rose weasley ,1
227734,is sooo tired and too busy to tweet  im glad the weekend is here... yay 4 day-weekend ,0
163602,Getting up.  i guess.  jesusismyfriend,0
493088,I think I'm sunburned ,0
1469993,@Jonasbrothers Nick!!! You kno where your supposed to be right now  Gooooo!,1
22994,Has missed country file  its what the cool people watch.,0
373632,@memith Which cat? ,1
960624,"@ZRHERO gaaah, so many reasons!  x",1
1173751,"@alanjlee Don't let that fool you, she can be a little bitch. ",1
30302,@ownedbyacat Just back to england for the week to work sadly ,0
694074,thx @tunedtochords 4 using ,1
1270800,@DatAtlantaChick  what's so bad about it?? Do you need a cyber hug! lol  It's yours free of charge lol ,1
1252666,ok twittz...hunny boo's safe @ home in his bed...now I'm finna be hittin MY bed! My head hurts...pray fa me y'all!   Goodnite Twittland!,0
1182442,Just arrived home from hols. Tweets have overloaded so if I missed anything sorry. Back to grey cold Manchester ,0
1048801,:-/   :-?=my mood sequence today.,1
1259056,enjoyed riding today with HYMS even if someone termed it an ego inflator lesson ,0
221938,No soccer!  Storm just had to come at the perfect time ,0
1401365,@katsketch that she puts me before herself ,1
355949,"Can't believe my dog, Riley is 1 year old... he's growing ",0
241292,"ballet is perfetic , just did it at civc and it was disgraceful! ",0
958771,@peeeves real one doesn't chat with US!hahaha. it's ok. ,1
1088702,heey i'm not crazy! it was just a theory :B ,1
1537665,Does anyone else re-record their outgoing voicemail greeting over and over until it's right?  It took me about 23 tries to get it right! ,1
330085,@kbodnar32 sorry I missed it!  Had a hectic weekend myself but I do look forward to the NC Wine videos   Have a GREAT week!,1
1033054,Zak didn't like Princess Protection Program ,0
1433343,Writing an essay on sound for a science assessment ,0
455605,we might go to Malta next summer  I'm very excited very far in advance. I'll od on pastizzis and mix kinnie with my liquor. hah.,1
1553735,there is only one man in my mind ,1
655439,@delaneyg84 it's so sad that we know there are gonna be tons of fabricated stories about emilie and rob ,0
916392,"Here I am again, feeling like I don't wanna do this crap ",0
496835,My computer just died on me! WTF?!? I haven't even updated my ipod yet ,0
85142,"back from Copenhagen, without luggage ",0
81739,@dontgetcaught  Fantastic! It's so cool!  THanks for the coaching  ,1
425315,"Trying to get comfortable but in a lot of pain, can't really sit can only lie still or stand. Just another thing to add to the list ",0
615151,need to find more crap to sell on eBay because I need money and no one is hiring... ,0
1052851,just got my nails painted- in bright yellow  ,1
746114,@ddlovato Heeey Demi  PLEASE follow me! I'm a big fan of you! I love you so much!,1
1589086,Ugh i have to take my choir final now ,0
1470403,Needs to find people to follow me!  Follow me and I will follow you!,0
1583242,@ablizno  x infinity,0
438596,"@MrElliott there were lawn chairs in the middle of a 2-lane fwy; when i swerved to avoid them, i lost control of my car. it's totaled. ",0
1345602,@beemouse Or that person has an infant. ,1
511931,@ILuVMiLeYCyRuS7 haha lucky i get out june 10th. omg knotts is funnn lol i go there alot ,1
647989,Alright people going to #xxxsalvation someone better record aclip for that &quot;Mad World&quot; Remix by Adam Lambert! I'm dying to hear it!!! ,1
362195,I'm trying 2 smile but Wed seems like 4ever when ur waitin on a diagnosis ,0
584382,"@kezzi21 Yeah I have a lot of work to get through so ill be online most of the day, thinking of working out of some cafe later too ",1
684498,"@kphalan I know. Last night, I slept until 8pm (like 11 hours), so today I'm a machine. Later I'm sending you the Preseli Venture pics ",1
1052742,I would like to move that all presenters load all power points on a jump drive that is giving out instead of these 'notebooks'  #bigd09,1
711647,"Got my last class, then nipping into town to exchange a top ",1
108114,Made it all the way to Vegas with no traffic or construction until 6 miles from our hotel ,0
756289,Preparing for another day of back-to-back-to-back interviews ,1
1271556,@MrAbercrombie Budget from now! Hope she's done well...make sure you let me know ,1
340447,Sitting in the airport waiting for my flight.. i hate leaving ,0
416481,@3drik n im tryna go hoop.....wish i had a boyfriend who would buy me a basketball... ,0
1528110,Budget: A method for going broke methodically.    #1liners,1
1585922,life goes on!! umm..I shld actually apologize for spreadin such negative thoughts...jst random stuff I tweeted.. ,1
1026105,Is at nofx but not into it. Something up with her and this has brought me down ,0
908665,@IHospitalitySam Is the letter of the day &quot;W&quot;? lol...Thanks for all of the kind words! ,1
196790,economicsss project  its too early for this.,0
1455441,@LalaLov3 Prom is fun but if it doesn't go perfect it doesn't really matter too much down the long run.Relax and a solution will come ,1
1579132,watching a movie and snuggling in bed. i don't feel good ,0
1395415,@christay0102 Ah hi o hi ho....tis for work! Two days just north of France.  Still no breakkie on the train tho ,0
437510,"I love the sun  Been sitting in the garden with my cats. Cancer cat is becoming more unsteady on her feet, still purring and happy though",1
773908,Tired. Too much stuff was done and said. Can't hold this much information  haha,0
210718,@MomaMiaCL well now you do.  LOL thought i would tell u guys... ,1
478871,@LyndseyAmanda not fair!!!!!!! I wanna go.... Don't worry I'll be at work!!!!!!! ,0
1342621,"starting to become a fatty will be at Nate's semiar Sunday, letme see ifI remember how to do fma ",1
889255,"@DaydreamLily hey there! i got tumblr too, would you like to follow me? papertrash.tumblr.com thankyou so much ",1
82516,Your my Wonder wall... ,0
1572728,Hoping to be the drummer in The Micheal Morris Band ,1
420590,@tommcfly aww  were u playing tonite??,0
864412,"@barneygale C4 didn't treat me well at all  I've got a few neat things up and running mainly appearance enhancements also iHalo, Macman XD",0
164145,Wants to go to the gym but having a headache now  blah.,0
133125,"@KidSisterMelisa we thought we saw you watching qtip @ the HOB in chicago, alas, we did not ",0
199898,@JulzM noice. a slightly delayed anniversary pressie eh? no vino for @coliwilso this week. workings ,0
927282,@hillary2936 you'll crush that exam. No worries love ,1
1034537,@at1mp Thanks! My MacBook owner friends swear I will love it even 5 years from now.  I'm excited!,1
1510041,"twitter, you're still the best! facebk is complicated... ",0
1570856,@wengcieweng I'm back...sort of. Preparing my chicken satay baon ,1
1534861,Just waking up to a rainy day.... ,0
1265824,@Magic899 aw  I didn't catch the interview... how was David A.?,0
537706,is going to go get a haircut in a bit ,1
924356,Laying in bed... Waiting for some medicane ,0
183959,@alteridem If you stay in insurance you will most assuredly stay up nights worrying about SOMETHING! ,0
335350,@youwatchme Hahahaha I'm sorry! I honestly couldn't help it. Now you're making me feel bad! Haha. How did you not notice &amp; I did? ,0
41735,@Biancaaaaaaa okay text me tonight! b/c i lost yours ,0
422492,"I so don't wanna go outside, I don't have anything to do there  Maybe I will write later...",0
892492,Just sent major KitchenAid shipment out... Bonus twitter blenders are on their way! ,1
264251,@SURFislikeaBoss me hair ain't Red its da light its blonde and black!  @jamesissexy Hey Hotty!  @firesty who da other girl?,1
1111953,Ugh on my way to the bus stop 2 go 2 wrk !  nt cute can't wait to drink sum beer later !,0
39213,Its warm ,0
645090,@superherojamie im listening to ive had the time of my life  i downloaded just now because i just realised i needed for my sound sources,1
776098,I finally finished photos for wedding card - D200 rulez! ,1
667909,It's sunny and I'm meeting a good friend for lunch later ,1
426379,"@victoriaaa_ those jeans are cool though. wear robyn's leather jacket, its absolutely ace! the screen for my phone is coming off ",0
27836,what do i do? 2 of my best friends are sad because of me. and i didn't mean to hurt or anything them. that makes me down. ,0
1238855,"@brianzimmel yes, I believe it is  I forgot we lived in Albany and not Syracuse  ",0
187837,@kpulla  I am seriously like passing out this damn red bull isnt doing much. ,0
834506,"I've got to go out and help a m8 move his 8ft by 8ft shed now,so chat l8rs peeps ",1
1594080,In the hands of the police and the Lord now. Have to let it go coz I don't think she'll come back ,0
20606,RIP Desiree ,0
975562,@trishathefisha me too ,0
1284832,@TereNY  go dye eggs and stop tweeting,0
1073481,omg glasses malone video is on shhhhh everyone  I &lt;3 GLASSES MALONE...im goin crazy over here cant breath lol,1
183319,Out to dinner with my friends .... Having a great time !!!!  woo hooo,1
81035,Watching tht cavs vs magic game   http://twitpic.com/6b2su,1
109534,off to the beach - another picnic - Golden Gate Park - check facebook for pic later ,1
12766,I can't work twitter I can't even upload a bloody picture   gutted,0
1159554,Ughh I really don't wanna go out of bed   feeling ill.,0
52496,If only the new hp touchsmart was made by apple ,0
301446,Heading to Portland (Oregon) for a few days for a little R&amp;R and fun with the kids!  So this is my last tweet for awhile.  ,0
47639,"Discovered how to add LEO, XING, FACEBOOK Customized search to Internet Explorer 7. Took me 4 approaches. Software is that easy ",0
449199,@McGiff awww poor you!! I SO know what that's like! ,0
1387934,Can't sleep. Damn insomnia. ,0
505568,feels really ill  which is annoying man,0
1265810,"@weeemo Yays, I can't wait ",1
663344,wants to meet all of my old friend  but i can't . :&quot;(,0
794235,"has tried and tried to put my picture on here, but nothing is a small enough file ",0
1466091,It's so wrong to be in work on a Sunday ,0
1434287,@xjam13x LOL. Wow. That's good.  Haha I still can't believe it's mother's day.,1
159662,Grrr!!  I've been online all afternoon!  Accomplished practically nothing ,0
745658,im getting my new phone today ,1
1021749,@mmitchelldaviss GO OUTSIDE! lindseys waiting for you ,1
37722,"Vet called for Shakti's appointment.  Still no sign of her, so I'm starting to be resigned that she's gone. Swearing off cats for a bit.",0
1267661,Is in my car outside off work ,0
326393,@MOLLYQERIM_ESPN HEY MOLLY. THE ANSWER IS A BABY LAUGH FOR THE SOUND EFFECT  YAY!!!,1
1549448,baby just woke up but I did get time enough to have a shower and a good cup of coffee  having a day at home and then jacuzzi tonight!,1
194872,Good morning Tweeple! Had a terrific WE! I really wish there were a law forcing companies 2 give out a 3 days WE instead of just 2  booh!,0
842084,"@MLDina Too bad I'm in Bangkok, Thailand. My flights would take longer than a the time I would get to explore ",0
345512,@Rebecca8888 how is taxis &amp;kinesis commn sense???? :S i tots forgt bwt thattill i read it js thn!  &amp;lol im nt touchin othr biol mods nw ..,0
1471239,@GiulianaRancic I�m also watching a movie with friends (twilight) ,1
1317257,"I wanted kate to win, not yasmina! hmmm i'm bored , need to think of soemthing to do ",1
1219721,"@TheDannyNoriega Morning Danny, love. ",1
1592092,"Oh wait, that's not the point. The point is... What if I don't get the CDS I want? ",0
1212252,@TheRealAmber @notmoira @georgiacrafter Morning! Hope your new week &amp; month get off to a good start! ,1
1449177,Can't find the bag that matches her clothes for tdy  Have to leave the house in 10.,0
968287,@davidhoang You're like a block from me.  But I hear the tea sipping is almost over. ,0
385511,Im weak..i wish he would show up for a little bit. Im hurt and omg..5 min is all i asked for  i swear im fucked. Please omfg,0
419717,@KRYSSIBABY really awww  LOL,0
1028415,i wanna pinkberry!! ,0
520899,"Ok, change of plan, the hair is not gettin done yet. The wizard sent me back to OZ and said come back at 2. Ugh. Rat bastard! ",0
622217,Someone get me from work tonight ,0
851722,just went shoppin for some groceries .. cleaning up &amp; more homework. boo rainy days  it was so pretty earlier,0
715257,"I need either a new phone with all the cool crap on it, or a good digital camera.... ",0
1041401,"Twitter, i've never gotten a build-a-bear  someone take me!",0
357775,SERIOUS phone issues over the past 3days. May be Twitter M.I.A. for most of the day. ,0
1254797,@panteramack We retards luv you too Becki ,1
1529649,@RachelFresh thanks anyways  I'm sure she'll be able to sell them there,1
1467995,What? I was not expecting to find Viviana here! ,1
1588730,"@sammi_jade Ohh sonds fam luv! I'm sooo borde, Just sittin at home watchin telly - my best mate is out of town right now  what u get then?",0
626921,daft punk just came on the radio at work! ,1
1362065,finally home. conan and bed. ,1
1594641,"@JCFGD Yeah, I don't get it.  He stopped responding to my school-related emails a while ago too, looked distracted at my STP... *crushed*",0
1211751,ate too much today  going to run for an hour while watching hana kimi.,0
877104,Has a sore throat! ,0
306239,"@sladey66 Hi, you. ",1
50165,@coldplay what's that? A NEW SONG?! ,1
1340381,@ashleezy3189 what?! lo siento  hopefully i'm not one of those people,0
936438,@mrcelebrity I'm laying on the floor listening to backstabber ,1
700586,Earthquake in Cali ,0
503228,today is going to be a long day ,0
749439,It's not the SH.. I can't connect on my blackberry either.  #googlewtf @futuristicplans @3ba,0
302234,@MichelleIvy i know  sorry chelle. btw: i'm jealous of all your vacas!!!,0
172809,I'm sorry  i'll stop living there,0
907203,"what to do, nothing to do. the wheather needs to be better ",0
1050090,Gonna attend Kiruba Shankar's talk tomorrow on 'Working with Bloggers &amp; New Media' . http://is.gd/10s3l ... Cant wait!!!!! ,1
505554,@Javita_ You're seeing the lads in october? ,1
190461,I can't believe today is fathers day! It's the first one we will have to go through without Armstrong here ,0
1454993,"Today I'm *all* about #Cloudforce '09. If you're here too, please get in touch to meet up  - http://bkite.com/06fD3 (via @danwtmoon)",1
1190875,i turned kats lava lamp on. its mesmerising  and pink. which is always a plus. the silver glitter in it is the added bonus ,1
500342,"Ready for sun and warmth!! ... working till 3 then, who knows! ",1
1418103,@Dannymcfly danny i only have one follower cause i don't let anyone follow me cause they laugh at me for tweeting you haha follow me?  xx,1
327414,@niecee47 whatever it is girl go for it ,1
288526,"@youcantbeme I'm missing Joshua, and the sun ",0
769678,"@storagebod rofl I'm loving that, also my personal fave when stressed &quot;Just STFU and do your work&quot; ",1
532836,Writing/refining lyrics with Australia Jenna. ,1
1338801,see what @hatemileycyrus said to miley ,0
1493432,#iphone suck  and i only say this cause i dont have one ..lol,0
1598394,"@sorcha69 i no, it accturly is  which aint good ",0
1190885,@ickydoodles hell yeah  and you always need to pee. wtf HAHA,1
112697,Gummi bears ,1
572606,"@PRPeta I agree with your line of reasoning, but I think she already has a business and should let Kate have the opportunity. ",1
631741,@KacieBall Sorry you dont actually know me but jlsofficial is the best!!!  They are doing a tour in february!! ,1
1217697,i'm not in the mood of twittering ,0
1027273,Whoohoo - TV has arrived. I'm not allowed to set it up on my own   but I do get to assemble the stand!,0
1445404,Hi ya twitt's..so leaving sat morning here in TX..sad  I guess gotta really find a job now..if anyone in Atlanta needs a great designer..,0
1246145,On my way home now ,0
1072388,"on Wen-sday iam going 2 go out and shop for makeup. and next week, ill start making makeup tutorials ",1
1040445,@justincavazos hiii justeeeeen. How's yer day &amp;shiiii? ,1
1503737,"Straight back into it at work, no mucking around ",0
511332,Ended up not getting the car. ,0
611914,"spending evening making myself an amazing feast of butter 'chicken' (tofu), chana masala &amp; samosas. just wish i had someone to share with ",0
738727,happy mother's day!  @lockielee @jenvarner73 @mommymoser @nonnie21751 @leahface,1
641014,just got in from the rain.. thinking of going out again ,1
1257526,"just watched LOST, can't wait until april 30th to watch the next episode ",1
14730,@Suksy who sent u such a mail buddy??? ,1
50452,Playing with rootsh and central logging ,1
491781, i don't feel good. I want some partyrings &amp;&amp; starbucks,0
861971,@muchmusic could you try one more time  give away one more pair of wristbands PLEASEEEEEE,0
922905,I was hoping for balloons... ,1
190655,"is logging off for today, killer migraine not gone yet ",0
980600,Just woke up and my head is pounding! ,0
1528767,"never mind, im not gonna post another pic. too lazy and i just wanna relax and read my book. byess, unless kellan lutz is on!  haha",1
220158,@mariaandros I'm grateful for having the flexibilty to volunteer for Olympic Game day at my girls' school today. My 2nd grader rocks ,1
770546,ahh im lost  someone come find me?,0
1585994,"@ice_ziggee rock on  You should ask if she's about on here somewhere, but I don't think I know. ",1
579237,"@DubarryMcFly i like a few: diversty, flawless, aidan.  xxx",1
936357,"@johnlesandiego that's now 1350 people just in the flickr group, wanting to join in. dunno why but it's taken off in the last 2 hours ",1
1441924,I wish Jennifer would vome to church again. I havent seen her since the concert in 2007 ,0
87823,the right click on my mouse is borked ,0
1517717,I really have a strange craving for mint chocolate chip...either that or romance. I wish i had a love life ,0
781006,i'm finally going paint again ,1
38332,"Rain, not good ",0
1100530,@SmoovezWorld yep  lol,0
1023066,No plans tonight so I think I might head to the gym.  I'm actually happy about this.,1
649201,@4u2wear2 got it. Thanks for contributing ,1
271184,why i can't fly with him (?  ?,0
1188538,iight honey twitters... I am out for a walk with my crazy dog lol twitt ya all later  xXx I want some sun.. pleazze ,1
913995,is fucking pissed I can't talk to my babies! ,0
500221,today was great  so wonderful weather outside. but my skin is a bit red :| i love you  @annex33 @nicolex33 @haubii ♥,1
695152,I can only reply to someone if I type their @ name in the update box.   It was ok yesterday.,0
893954,@EricaRattana I love Weeds!!!! But I don't have Showtime nemore ,0
669074,"Did my first 3 mile walk for the day,but as a special treat I pushed Grace in the buggy,I'd forgotten the amount of small hills there are ",0
552559,@dougiemcfly17 i thought you were going to do one of me.......... ,0
1093325,"goood morning everyone! I just woke up, well i feel fine ",1
535860,I'm sooo drained  in the nursery.,0
767329,@mmg565 depends on what you're taking and why ,1
896947,@MissRaydaDiva lmao I told u already u abandoned me when u got a boyfriend  lol,0
1087218,i can't sleep &amp; i miss my babe ,0
715016,"I can't believe my friends dragged me to joes crab shack. (via @WeGame) Ooooh, I think I'll need to unfollow you ",1
655432,in so so so much pain  watcahing a moviee with my mom then bedd prayy for me,0
864676,has no followers yet.  I want to go to North Carolina though! ,0
104948,Cheer up A cup ,1
1556595,Eating tempura (junk food). ,1
39090,I need NEW people to follow. Everyone give me some suggestions to wake up to and I'll follow! ...gnite ,1
1519909,@dotmanish nice one ,1
1355083,@CarolanneKayy i know  but just bc he was a jerk doesnt mean that the next person will be! like the cute boy i met at nmu (: mmmm haha,0
1558220,Missing out on Blow-Up at the Cinematheque to hang with my bro. ,0
703484,"Yeah so physio was crap, still about a month away from any form of real physical activity. Couldnt even sit and straignthen my leg ",0
1203511,@jodisey ... cum on line! ,0
332051,@KimSherrell change your avatar too... we have to see it ,1
1477158,I tried calling my dad and he didnt answer ,0
152495,Fun fun fun these last two days ,1
1529173,"@connor_finley They have beaches in Texas? Well, yes now that I think about it, there is a coastal area to Texas too... it's not all sand ",1
224599,Correct link  http://www.tinyurl.com/qminute,1
1451687,"@Shitfuckdamn *hug* welcome to real life, mamut.  ",0
1487000,@MelFresh27 Ur are the best yo. She &amp; I also share 1 male tweetmat. She likes him I think. He' never on her #ff. Just me. Competition!! ,0
384174,@pyIT Tankyou ,1
319930,i &lt;3 milk thats been shaken in ice on my kellogs flakes ,1
678566,"Sleep is not something to take advantage of, I have to walk to school ",0
1484652,"@robertDouglass as long as we still support MyISAM, no  #MySQL #fail.",0
802421,@platinumkids I got u mi Don !!!  U son leave also.  y r u guys doing this to me smh,0
448642,Boy time flies! Back on twitter and still 2 followers ,0
281495,@StickTree16 est�pida do you even know what it stands for now? and ah dunno I may do carrie underwood - just a dream. YouTube it ,1
748361,@donnapatjc Business is going very well indeed!!  CreationCentre is available for resellers and people are knocking the door down-AWESOME!,1
441473,@dammnxmegan i don't understand it either..im also jealouss ,0
559390,@ShelLovesCheese like FOREVER?! You're leaving us here  in NK land? ,0
1466043,@featureBlend Anytime Ahad  how are you doing today?,1
1595681,@stackedgroup oh yesh you did haha anyways i hear your feeling sick  (i am nearly better),0
102404,Off to Bali!! ,1
802282,@Taddy69 not a fan myself; makes everything soggy ,0
1216920,Exhausted. ,0
1265954,@vincentx24x nope same thing for me. Popular sizes dude  Noone wants to get rid of them. We should go to flightclub nyc or a dunk exchange,0
1443441,@Jon4Lakers link's not working ,0
1581330,http://bit.ly/bHyt8  Salieri and the Priest ,1
653090,watching the tinkerbell movie  i feel gayyyyy,0
201872,@fragthought lol. Yummy.... ,1
374728,Off to London today ,0
622230,@EnvyAmor awesome. July 5th. Save the date  I'm so excited. Xoxo,1
1060782,i really want @ddlovato 's people to email me back. cause being in her music video would make my life ,1
1506862,"Good morning, guys! ",1
864850,"@jasmineemui, why are yu not on dailybooth  ?",0
358434,thinks the ms-walk was fantastic ,1
711738,(@wow_its_parris) ahaha let me high five your ass please  Going to Bed.,1
1271842,@papa_face  I'm bad juju for you ,0
665471,@natalieann_mk ahhh but the unhealthy players need that ranch. or else veggies dont taste good! ,0
1385297,"@Mstermind1 So, so sorry that I didn't get to meet you at BEA!  I missed your signing and couldn't find you at the panel. ",0
1567065,"Amazing night at tommys. Fun with the girls, and my guy  goodnite",1
1341055,"Dreamt pretty lady was sitting in my lap. Warmest I've been all winter! Woke up, no pretty lady, cold now. ",0
1470011,@kindanice whatttt? Quit? Why is this the first time I'm hearing about this. ,0
170260,@LiverpoolDan Cook salmon with a nice mixed salad and maybe some jersey royals with herbs. Nice and light for summer nights! ,1
357314,Ughh school tomorrow!! Well  GoodNight Twitters ,1
897864,@BenWay08 mmm but nothing i can do. lucky ive got great friends like u to cheer me up ,1
396544,@jason007thomas a special call from a special friend ,1
635540,@angelfish69 Thanks for letting me follow you.   Sorry to hear you had a horrible week.  Hope this one is much better.,1
959760,home after a longg but greatt day! bout to showerr then kick it  hit tha cellular!,1
1062449,eww...it's rainin outside &amp; i wanna go out 2nite ,0
1421607,@crazy4nkotb Everything is out of stock...can't order anything ,0
382893,"@JonathanRKnight Okay, THAT was funny  I think your tweets are my favorite",1
1101591,I think that music has an endless life.. ,1
485378,"@ericthered42 I love mine. I think once folks realise they can make money and have FREE time, they get hooked on working for themselves ",1
821252,@SimplyMelony i didnt but u carry me 2 heaven ,1
11736,@bl3ss and depressed  don't kno why....just unhappy,0
893792,misses the movie The little vampire  used to love it wen i was little ,0
133457,I even have some action shots from a temper tantrum! Oh boy she's gettin good.  YIKES!  Princess is done coloring &amp; nappy time is near.,0
1275063,i want to go back to sleep but housing is haunting me so i'm going to call them first. i feel sick to my stomach ,0
728211,@zacksteezy @Joosetyne @sheischristy thank you guyssss!!!! Miss u all!  &lt;33333,0
681157,I aint been to the cinema in WEEKS!!! ,0
1557718,Finally seen Jeremih - Birthday Sex video. Love it ...and he is so hot ,1
965244,@SusanB399 Welcome here! ,1
1242536,@Hot4Donnie i know!!! im sad  i miss him already!!!,0
405808,"http://amandacraig.tumblr.com/ - follow me, i'm going to start updating it more ",1
1058077,FML. my ipod went into disk mode and the only solution besides erasing all of its memory (aka MUSIC) isnt working!! ,0
680662,"My bdays coming up, but I think I am getting sick ",0
656278,@kirstiealley lol goodnite!!!!! thanks for the smiles ,1
83365,@vlad_dracul I feel so violated. And wrongfully accused! ,0
506725,Busy day! Work till 14.30 and then deliver newspapers ,0
1297818,damn it! came into work really early this morning and forgot to put contact lenses in ,0
993514,@NxN21 i favoritted the tweet ,1
621634,"@missatheena thx girlie! I'm enjoying myself!  I found the app, but it was a trial, I have to purchase the app",1
80108,yay its been a great morning already. feeling really motivated ,1
1288867,@singersroom That was a great article about The Rise and Fall of Video Based Music Television. It was on point. I miss Video Soul! ,0
257305,"Darn, I thought @Mr_GaGa got Re-Activated for a second, But....Nope........it didn't  I wanna cry!",0
547296,Awesome Pele ,1
1046827,"@EllaPaigeBabe I mean. Do you have Facebook, Friendster &amp;&amp; Multiply? ",1
1199825,@paulpuddifoot yes at last ,1
1449960,is watching angels and demons  &lt;3 for free at http://FreeTheaters.com...,1
696654,Blah I forgot I have to read huck finn ,0
72713,@kimmyconweller That sounds great. Studying for an AP placement test for next year ,0
250209,"mostly, ppl have &quot;catching up moment&quot; at school. but i'm not having it today  pretty boring. i miss @Fatin.",0
330362,has nothing to do ,0
725024,@jessicaveronica Well...I'm crazy and i know it  &quot;If you're crazy and ya know it clap your hands *clap clap*&quot;,1
395873,Catching a few more winks before I have to go to work! Shhhh... ,1
1401095,Its so hard to say good bye. ,0
969143,"@BallsMackenzie Use Twitter more often. Also, how are you ? ",1
801120,"Cupcake update for g1 arrived yesterday, not as good as hype insisted it would be...... wish I had go the iphone ",0
808707,What's up everyone?  Home sick today. ,0
1486523,@CandiCunningham wow you are going everywhere. It doesn't look like i can tag along to any of them   if something pops up local ping methx,0
628040,says woke up and can't sleep anymore...  http://plurk.com/p/xpwy8,0
558142,Oh my gosh. My moms cats leg just got stuck in a cord. It was sooo scary. He was making the weirdest noises. But hes okay now. ,1
1401963,@collazoprojects  @rtd13 @pwcarey The love just keeps spreading. Thanks for the ff and have a fab weekend. Happy shooting. ,1
233219,A deaf french bulldog and a sphinx cat- i want them! ,1
1519165,comcast is blocking twitter so I had to give a yahoo address to stay here  if blocked if would have been kicked off twitter,0
1237393,"@therealmikewong hey mike, followed all the instructions but keep getting the error -5000 on OS X. ",0
433121,@hoganfe i agree ,1
1581993,@KristinaLuca I dont seen any of your shit in my google reader yet ,0
253093,its f'n hot out here. shit! 2bad I can't do bbqs 2day ,0
1468568,@backstreetboys ALL RIGHT!!  Can't wait for the new album! I'm sure its AWESOME!  Hugs,1
342818,Good morning all! Running behind this a.m. Got a surprise migraine last night and popped some percocets. Need coffee!  no headache tho! ,1
979709,"i think im insomic,I cant sleep ",0
1477820,If your Google search returns a result that you suspect is spam! http://tr.im/jaGP ,1
1483710,@TYRESE4REAL http://twitpic.com/7iag0 - Lookin sharp ,1
1313352,i miss someone very badly.  ♥,0
150829,@stevenshehori Get 100 followers a day using www.tweeteradder.com Once you add everyone you are on the train or pay vip ,1
628074,packing. ,0
355833,"Playing our last NZ show tonight at Mighty Mighty, last chance to hate/love/experience ",1
312936,Finally changed that profile pic with a uniform on it  Awwww England are out of the cricket they just got beat by West Indies oh wells x,1
861231,#iranelection Americans can learn a lot from watching the events in Tehran. Behold the sacrifice all patriots must make for true freedom! ,0
417181,Heyyyy @HoLLy_FN_HoTT how you doin shawty? ,1
953444,@GIOVANNIthaKING lol awe  boooo! That sucks! This is intense no joke!,0
396940,@candyliciously *hugs back* missing our chats ,1
132384,"Oh Argentina, so many sexy men and so little time haha God I love the gym ",1
525688,why dont ppl ever have there phones on when u need to call them....whats the point in having a phone if ur not going to use it ,0
1528637,I just returned from my uncles rosary ,0
1524282,About to watch the Turkish GP should be a good race. Shame we haven't got the Turkish weather here tho ,0
190236,@jamesrollins Also there is a shout out to you under inside the novel on my website for Skywalker.  How you like it. www.heathfox.com ,1
55420,"I HATE my alarm clock, it's been going off every hour haven't slept at all ",0
1243213,"I almost forgot I had a Berocca this morning, then i peed ",1
204497,"@JYoungS2TS Yaay! I was supposed to go, but I missed it ",0
1037469,is with my seester ,1
1079850,@Rebekaaa  it really is. It's fucking glorious sunshine now -.-,1
27972,@gen224 That's either very sweet or very scary. ,0
1481451,enjoying my coffee with this super delicious cookie ,1
1230506,"@as12x  - If it makes you feel better, I had trouble sleeping last night too. ",0
828804,Out and about. I miss my best friend ,0
65282,These 16 hours are kicking my butt! I wanna go home but i still have 3 more hours of work left ,0
1536238,bad night.  i kept waking up. maths exam now. crap. i think i'll be ok though. x,0
815407,Sending last-minute comments to brochure designer. Poor brochure designer ,0
860793,Wishes she could go see Varsity Fanclub today!!!! ,0
904365,electronics exam at 1pm ,0
1349699,@sparklestar17 hahaha! I wanted to get an IORG shirt when I went to Fresno but they had packed up all the merch ,0
861055,"Doing much better today and keeping busy with school work.  It's georgeous out there, hope it's nice where ever you are! ",1
943814,@Hicksdesign ,0
781146,chilling at home with a bad foot ,0
204623,wish i was watching crank 2  http://tinyurl.com/cc7thw,0
358628,have a freaking good friday nite peeps esp @justads @pottymouthmama and techno wiz today  @dzgraphicdesign...and @DHughesy - will they??,1
1514095,I'm having a meltdown ,0
36137,"rats, my MBP's left fan needs replacing, was hoping it was a loose wire like someone told me it could be ",0
339760,i Miss Akeira Sooo Much ,0
776297,I wish the hills started here tonight aswell ,0
303375,"@djalewis I'm more of a Saturday morning person in Tesco, much more civilised than most evenings ",1
1498722,@bengribbin My lovely girlfriend wrote that @kassy4 great post ,1
799147,"@ShaunetteKamiel LoL... I am! When I listen to that old school reggae [not to be confused with dancehall], I just gloat! ",1
351932,Leaving now... woooop on my bike. ,1
1376552,"is feeling restless. gawd, im missing cinta fitri again ",0
1408095,@WerePaladin good for you! I have my BS in business admin w/ an option in management. ,1
233900,I do not want to get up at 5:30am for stupid work tomorrow ,0
729386,"@oseverson nothing can really help, just write about, ot talk about to get it out the right way ",1
1006263,yayay finally tanningg outsidee ,1
921499,@DavidArchie I know! It's horrible! I get a lot of bad headaches ,0
41617,@redhead1904 LOL nothing else to do up here. My tv is broke ,0
927538,I ate too much. Now my tummy hurts ,0
1249201,@AnnLinny  I'll try to get back to your e-mail as soon as I can! I won't forget!! Even if it might take me a little longer!!! miss you ,0
253007,has at least 30 bug bites on her legs ,0
1351348,"@nandahhxD ily too &lt;3 haha. floralsyyy, omg im saying her name, pshhh like i caree. sup bbz? ",1
1257325,is officially done her junior year even though she has to make a few stops at school next week. ,1
1382065,at brittany's house and getting ready to leave. i'm gonna miss this girl! ,0
1013882,@Alleefoshow haha.  i do too.  we'll do it together!  ,1
881157,watched Hancock and is still processing the weirdness. Maybe while I am asleep... good night all ,1
711585,#HealthChallenge - 99.2 pounds gone now total this week! .8 away from 100!  Hopefully I'll meet and beat that goal this coming Saturday!,1
654066,"Ah, so nice to see that my avatar and background page has been returned to me. Something to be said for ignoring problems after all. ",1
1482091,My Twitter Texts aren't being delivered this morning ,0
776973,@FoxWhisperer But I did say that I liked your new pic ,1
322959,@rajskub Not only dig the show - already going through withdrawls and the finale hasn't even aired! It's gonna be a rough summer ,0
678523,baking all morning. then headin over to the mieleki's for the cookout!  so excited to see everyone!,1
777388,Ended up only working 4.5 hours today.  Not too bad  I enjoy my job.,1
989585,cant wait to get fucking crunk for Six Flags &amp; @seanprodigy911 birthday. ,1
199085,@youretrash_x ppl LOL help me  I really want them to leave ,0
165275,@Karen230683 from getting to know the real person behind the learning disabilities! The Duffy family have every reason to be proud!  xx,1
887344,on brothers laptop cos mine takes like 40 minutes to turn on  cant believe she never told me that she was dating him btw :o in (L)? ,0
445284,@sharlyn_lauby You are one traveling lady ,1
1170471,@Sophie_xo I need you back too! I miss you ,0
496402,"watching a weird movie, doomsday, not sure if i'm giving it the thumbs down yet pretty violent ",0
881430,@tezi_soch @officialnjonas u want me to tweet but i have to study maths miss julia will hate us EVEN MORE ,0
480965,@etsob I just realized I am on my way to Baltimore then   But you should definitely see if you can go - it looks good!!,0
86867,"@tashalogan Its text, but ill twitpic it later ",1
386634,Feeling kind of hungover...it's the day after and the fun's all over ,0
87878,dropped one of my headphones into a cold cuppa last night - it seems a little quiet this morning ,0
712032,watchin eastenders!!  x,1
757865,@DonnaFox oooo that's a good name for an 'exercise' haha. I'll elaborate next time ,1
1443940,Summer is almost here ,1
538866,Got some new skinnies todayy  They're abit big for me though :|,1
838853,New tattoos tomorrow people  ..... pics up soon,1
944158,@jordanknight wish I was seeing those new routines this summer but prob won't be unless the dates down south r rescheduled ,0
560594,Did anybody know that &quot;The Little Mermaid&quot; was on broadway?? OMG! Pissed I missed it! Found out by randomly reading an old Ebony ,0
463055,gust gettin ready for school ,0
22916,@xamylouise haha naw thats no good  well another time then (:,0
445764,@theweddingdiva I'm waaaaay up. I didn't buy my tix until last Friday  318,0
1437161,"WOW, so are bloc party! ",1
34290,always busy with this task..arrrgfhhhhh ,0
480061,not looking forward to giving bella another bath 2morrow.... she smells of rotten bones!!! ,0
997080,"@mcflyharry heeey, don't make joke of your fans  HAHAHAH",0
15573,just got back from the gym and just had a subway's turkey-breast on parmesan oregano. wheee tasty ,1
365588,"@iamMarkRonson it sounds sweet, might purchase the album myself  p.s. hows rob (robbie williams) doing? any news on his new album? ",1
822737,Another lazy Sunday... another perfect day to shop Twitter feeds for cute boys. ,1
1015975,Where did the sun go? ,0
1578769,"@SOPHisticosity Nahhh, cba man ",1
540738,@anorangegal You've got mail ,1
977235,@joiskol  being in your room makes me sad.,0
874881,says it's a roller coaster ride...  and  http://plurk.com/p/tr7m4,0
165532,@mariedigby another single out? nicee I like 'symphony' ,1
166777,@markus151 doubt it  tear. lol,0
734531,Twitpic down  and I was going to share my favourite robot-human-lovbers pic ;-),0
1448003,@jessemccartney I would love to see you in the rain.  have fun.,1
1435506,@taiiiiii I'm dumb but you left it. Simple bitch. Write another!! ,0
916778,Sadness is a necessary evil in life; it gives us reason to remember and appreciate the things we lose ,1
868402,Yes! Done with Wolpert's thing ,1
1061779,Is not in a bad mood. Was just playing around with her.  I hope she isn't mad at me..I love her and hope to chat with her later!,0
228638,is home. Watching Saw 3 and having some much needed wine  tonight was ok.,1
703046,"been a good day. haven't got a lot of work done, but making progress in my head... ",1
405076,@tomoka0013 Do you make them completely from scratch or do you just make the filling &amp; buy the wrappers? I lost my recipe. ,0
1402739,@roxyolin Call me  You disappeared.,0
1549411,"I GOT A HAIRCUTTT  it's short, but i love it .)",1
571150,found the awesomest community @ livejournal - gossip girl clothes and stuff.   its all sooooo expensive though ,0
874910,@pupmup Because I'm just a tad bit obsessed... ,1
103565,"Got a very upsetting, but long overdue wake-up call tonight. I've gained so much weight NONE of my summer clothes fit. At all. Damn... ",0
36941,@BigDaws ok.. thats cool.. hope the weather is cold just for you.  lol  ,1
78288,@mileycyrus http://twitpic.com/7f5fy - This pic is great  Your smile is pretty ,1
341797,"Lookin so forward for MTV Movie awards, paramore up for an award for twilight. Cum on paramore !!! ",1
1244663,@SiobhanBulfin thought you might like it seeing it's absent of meat ,1
1532407,"Cinnabon's remind me of papa, I miss him. I feel bad for missing fathers and mothers day. But I really wanna do this  Srry lovely parents.",0
365310,@mysticspoonful Very cool!!  Looks like fun ,1
312080,Get him Tommy Bahama for 1/2 off it's $148 for a panel back embroidered we have em for $59.95-$79.95  heck even charlie sheen wears ours,1
908438,uh oh. i think i need to chop my fingers off  damn,0
1370937,such a nice sunny day.... ,1
153939,@manduhhmarie i cant. im on a diet! so you can ,1
1543182,@J2theP2 Let's be virgoobs together ,1
1096236,@prediketflowz Did you miss me today? I know you did buddy ,1
440090,@denyseduhaime It's nice to see that someone with such a large follower base can still take time to notice the small guy too. ,1
1176515,@arctic_penguin 700 people registered but they didn't come to the Summit. ,0
1573916,are all journeys full of surprises / disappointments...HOW DO YOU STAY MOTIVATED??? Weightloss is harder than child birth...Ughhh ,0
384082,the new apartment i'll b sharing with chelle  http://bit.ly/Kf8UD,1
43984,celebrated father's day today 'cus dad would out out of the country tomorrow  had fun with the fam...shopping and the eat-out,0
566706,Have to call my stepdad later for Father's Day. Wish my dad was still here. Really miss him. ,0
936491,"just got back from the Seminar by OEM CCT...so tired. Beside, gotta go to work tomorrow as well ",0
1573384,Packing up ,0
1005469,ill . and I miss my old time stories ..  http://myloc.me/2VSW,0
734549,@valerierenee you should have joined in on the party!  the more the merrier ,1
316194,I miss the boys ,0
307153,@KaylaJMS  i'm stalking them too! and other people ,1
705011,@ddlovato awesome ! i think that your tour is gonna be grat  i hope that you gonna have a good time in all that ,1
22509,@remmulpaidualc OMB my boobs  LOL,0
1212936,"Going to see my mom in the hoooooooooooooospital, kpce ",0
1335263,@buissereth ,0
648039,"@Chris_McG I've took a good old fix of Calpol, (hardcore or what?) normally eating habits should resume shortly. I don't want to go out ",0
1569088,"can't walk, my foot hurtts ",0
914239,fuck.  that was some serious procrastination.  back to work early am - so hard ,0
968824,http://twitpic.com/675tx Chatsworth was fun  River playings ,1
1024107,"@bryanBLG aww. poor bdooey. wish could be with you.  LOL. btw, me too. i'm now alone in my bed. i started trying being alone during night ",0
660411,@Vonnieee LOL =P not good enough  no Melina  lol.,0
1448595,@aShleY_YaCkS cool!!  yeah it was. i didn't c any1 go in the hot tub. it did look cool w/ the candles!!!!! ,1
1297920,Hey everyone. Follow me on tumblr.  yunakins.tumblr.com,1
1449098,@Shay_iz_Dope lol right... NO such thing as a personal life! ,0
758933,@iLiammm not enough money atm ,0
860060,Ugh. Feeling so sick ,0
702506,Ouchy all this revision is making my neck hurt ,0
893021,@LM_HyperIsGood okay sorry... *pouts*  haha kidding! xD,0
1489949,"@selenagomez I'm so sad  I really want that magazine cause you on there. just like you said, it was like a scrapbook of you and demi",0
554359,"Off to go see star trek with guillermo, kenny, and abel ",1
1552500,@oufdu75 ca dechire Fringe  as tu matter Knight Rider 2009 ?,1
785430,@gfalcone601 OMG! I'm so jealous! You're so lucky! I love him  Send him up my way next time?,0
1289631,@carli_chick I'm watching the cricket again. Hello.FB.lol  http://ff.im/-2ZXin,1
219579,"If I lived in the windy city, I'd be there in a heartbeat! Have fun and break a leg! ",1
1367322,Noooo i´ve to be here till half past four. Oh maaan thats lousy ,0
1372466,"@RonHermanDotCom Great hats!! How did you take off the green off your picture? I am too green, please help. Can't find answer anywhere ",0
414548,"we wanted 2 show up as a family. so, we waited. by the time he arrived, we had only an hr left &amp; his booth was sold 2 some other partiers ",0
408812,"Laptop is knackered, struggling to get it back online ",0
1139424,ugh lifes a bitch wishing things could just go great for me ,0
735977,@BondServantLZ i can't ,0
814553,Ughhh. Need to go outside and finally finish my project ,0
1283629,@TimmyCarhart whats ur source that MJ is at centrestaging? or have u seen him there? ta. ,1
426433,"10:30 am, I probably only got 6 hours of sleep at most. And I'll be painting all day. This is gonna be rough ",0
1306400,Cleaning my room up a bit&amp; jamming to The Offspring ,1
878289,Tonights truffle project did not go as planned ,0
259879,@zaheyraw ohhh im sorry  thats never easy.,0
1218046,"work, hospital, sleep...repeat ",0
166962,"@celeryjacket hehe thanks Nat, probably the first and last time I ever will. Ah I pity myself so much! ",0
650808,ooooohhhhhh how i love the beach and the pretty boys! ,1
540931,"urgh, piss off kfc. not working until yu give me a facemask. defs dnt want to go to the doctors, could be swine ! ",0
736103,"@joefeser Hey, Edit Plus is my favorite too! ",1
502316,"tired. kinda bored.. {so dont think you'd ever have a shot, cause if you had a shot you'd miss completely  haha}",1
1436730,@lilabakar sigh... i wanna go... send me an air ticket! ,0
264851,"@lisa24270 Like your new hair do, I saw it on FB ",1
1440452,pleased with the theme of my new project ,1
229669,Growing up is hard. ,0
1182521,@jamesbmarshall I had forgotton you worked there  I must say hello properly!,1
23451,"@Simon_D_Spencer Ahh, sweetie, it's called AGEING...though, of course, for some, it comes sooner than others ",1
65012,@SoulIsTheGoal I wants a ferret ,0
324863,went to a hip hop dance class at the gym that was not that hot ,0
12622,Lol lol you maybe but not me  lol   {nucleus+nutrients+love}= Nicole,0
477046,"where the fuck are we! its so dark and cold, with no life ",0
474168,@DivA_G wish I would've seen your tweet sooner I would've asked you to come join us ,0
435441,"@durhamregionbby btw, I'm ashamed to admit I cannot tell who that is in your picture   I'm going to guess Alice based on clothing and age",0
1454175,Went out for lunch...overstuffed myself....now more sleepyyyyyyyyyyyyyyyyyyyy ,0
1316733,"Soooo looking forward to tomorrow.  Well, actually, today. =P I need to get some sleep!",1
441995,Probably my last country concert in NC! ,0
1103150,@clubberlang09 @damondnollan I thought u had my back damond! I see the IT brothers stick together  I didn't do anything wrong ,0
1152503,I don't want to go home ,0
561316,The book I was reading and my camera are all wet ,0
643980,Just can't sleep.  But everyone is sleeping. ,0
378007,@Knightwriter that's @StoryOfMe  Tammy  Love her!!,1
771476,"@ARDELLd  Well you are right. When I get lock fall out, I am penalized in my wallet. So does my company. It's the new world ",0
783737,@twinkle47 omg lol too cute ,1
765571,"I'm so sad  i just can't resist anymore. I'm go to the school haha. Find my friends,Thais and Mandy i love you!!! xoxo",0
86284,@cajoolie Awesome.  Where at?,1
750139,&quot;I killed my mother&quot; tonight at Maison du Cinéma with Alexiiiiina  Yeah!,1
932851,whatching thats so raven even though i have homework sigh ,0
45177, work again,0
1304466,"Cant sleep, not tired  ..............................",0
259895,@mrsteveharvey thanks for writing your book... I loved it... alot of great advice&amp;insight.. keep up the good work+ you're funny as hell! ,1
1433443,Such a perfectly bittersweet Sunday. Please don't end ,0
1402219,"busy, busy day! Time for some hangin' out on the patio while the grill cooks our dinner ",1
730043,@lilmissfootyfan I have added your hubby to ze list! ,1
212692,blehh. i dont wanna go back to schooooool  5/6 weeks-ish till summer holidays though. XDDDDDD,0
1081012,Car trip to bondi ... Canadian Club &amp; Dry to keep us company ... Thanks for driving Aiden ,1
1033129,"@Roryjames No, it happens to all of us, f*****g connecton ",0
646086,woken up to a wonderful day YAY! ,1
810395,Amanda coady is so indescribable - when can i fully understand her? I wish I had a piece of her brain  *rewriting research proposal again*,0
670434,working inventory!!!!! ,0
461869,@jobrosluva Holy Moly all of a sudden I want a mocha frap!  Oh thanks for talking about Mocha Frapps all the time cuz like maybe a week,1
1228078,going to school soon ...i dont really want to go ,0
745843,Had to report to court this morning (jury duty). Was running so late had to pass on breakfast. I NEVER pass on breakfast ,0
471597,"Oh hey there, Sun. There you are. Missed ya this weekend ",1
923857,@caroliiiina i never have any time to go anywhere! haha. but im done with soccer for a while ,1
414947,@caseystratton Totally.  Well I'm becoming a snob as soon as we sign a new lease ,1
204903,"@FeliciaSlattery ease of use, better camera, syncs w/iTunes, smaller (I looked at Storm), more eye-appealing &amp; not clunky. -just a few! ",1
217140,agh this is so fucking weird ,0
76297,My cat had to be put down. Stupid neighbors ran him over with their truck. ,0
1081023,"is watchin desperate housewives  i'm soooo tired, may go back to bed soon! X",1
1077762,Doing homework...aghhhhhhhhhhhh i dont freakin care what the egyptians did! ,0
319088,Is wondering what's good tonight ..I'm bored ,0
439598,"@ZazzleSaMack I know these words well. If you mean them, they can make magic happen!  ",1
1034496,"Dear 17 Again, While we appreciate the Harry Potter reference, no one knew what a Hippogriff was in 1989. ",0
1420617,"@setorii amazing class, thanks for bringing me, I feel great!  keep me in the loop for tmr, time, what I need to bring etc!  XO",1
175490,"depressing, pressuring, irritating day for me today... ",0
326,Networking went amazingly well ,1
1412936,"@didjital73 aww, random phone calls/VMs are the best. ",1
442222,Going to bed not feeling so great ,0
1572060,@laaaaaa; he cant see our tweets remember? Noob ,1
352683,"Everytime i close my eyes, my nightmare from last comes back to haunt me ",0
873033,"havent been on this in a while, just waiting for friends to come on, then gavin and stacey! ",1
1223380,"@clintwong Wong, stop being such an enabler.  ",0
761136,DYING. programming gives me headaches! which coding is for which again? ,0
239383,@adammaanit *wonders too!* I loved Amsterdam's tram system / bike lanes / canals / frozen lakes / cakes / street art.. ,1
825284,Is so ready for New Noon to come out ..... Ugh ....its so far away ,0
77991,Eating Mum's home made frozen youghurt yummy  watching EE,1
1190482,@TVAmy  they are about to launch beta 3 for uber twitter. maybe that will fix some of the issues.,0
1487455,Going to target to get the JB cd ,1
1463846,"Ok its official I wanna marry Booth! lol as my husband, but wife i think u know ",1
1001911,A sparkling Glitter sky... Hmm Makes me think about champagne!!  Any1? ;-),1
788641,Bad sleep night-long periods of being awake. Throat sore and tonsils obviously swollen. Great-on a long weekend no less. ,0
634503,@debaucheddiva Heck yeah! ,1
299275,I'm really missing my real friends back home  BUT happy I will soon make new ones!,0
189023,"Pop, block n drop it.. pop, block n drop it..... ITS STUCK IN MY HEAD!  stupidd songgg ",0
1467545,"@Danime, YES! Glad you understood. Except I'm real and true. ",1
78805,First generation guy has died  Started out 2nd generation now! (Virtual Families talk lol),0
191583,"@ladymaryann good, I got an O2  no internet and I want a Nokia",0
1414205,@JakeasaurusRex I can no longer have slumber parties at your house ,0
1432477,Is off to driving school till 4.   [liViNG iN FAST F0RWARD],0
245789,i missed the wedding ,0
1558950,Readingggg....@stephaniefarah nottttt nice!! ,0
1473436,is finally feeling better ,1
39476,@methodphoto I think you need to define what you mean by 'clue'. Won't be at WWDC this year ,0
675075,@mumbrella yes but i'm disappointed with adam hills ,0
1178108,reading Eclipse that i put down last december and am picking up again ,1
1220042,@CHactingNYC Haha...poor you  Man I love fries! I want some.,0
842140,MMS support from AT&amp;T coming in late summer. MMS is not supported on first-generation iPhone. (Apple) This dissapoints me... ,0
1541377,@SabrinaGee they are devilish pictures. well most if not all. ,1
1124404,Still blogging. Just in case you all wanted an update. ,1
46497,is doing the house work today trying to take me mind off it all ,0
778663,"i give all lucks to my rolemodel Kristen Stew. I hope u win dear, You really, really deserve it. ",1
1284765,"fighting a bad swollen, painful throat and headache. ",0
1042484,Headed back home...the computers at the library have a timer  at least i finsihed one assessment,0
128567,@mindywhite fantastic show last nite ,1
369670,No new iPhone 3G S for me - declined credit for second contract as self employed and can't buy out existing one in-store ,0
415201,"I want to sleep, but I should study ",0
1045887,@LittletonStudio @ksantini Thanks!  Very cool ,1
1015174,@itstayce haha yupp!  go us!! ,1
1567413,I got so much done this weekend! Feeling accomplished for a change. ,1
498438,@Vactor he will be my favorite part of that movie ,1
917861,@crecenteb treasure those moments  I'd say go for infamous. Are you planning on giving us a review?,1
68945,high pollen in London today....can't go out ,0
533448,@fleurzter yes kind a ....Itold her I love her and she was like  its cute but I can´t........,0
1555551,"@balmeras - hey, I tried to respond to the wine invite yesterday, but issues with Twitter.  ",0
1144933,"@cleftmommy0217 Aww miss you too! I'm not sure about the whole thing either, but what the heck... learn as you go! ",1
1506112,About to get some work done...I am still amazed how people will pay six figures for a website!! too bad this is not my client  lol!,0
1266169,"Science Quiz and two essays? Um, I don't wannnnnna. ",0
66174,@kinkychicken Yay! Got someone to laugh today! ,1
202083,@jweaks less is more ,1
1482937,"@mrslizz yes, that one and I didn't get it ",0
467323,"@aplusk that smiling doll is freaking me out, scarier that chucky, sleep with one eye open just in case ",1
1223779,@wilmir i know eh @homersimpson  hes my hero only if he was real  lol,0
543496,@zenrhino It's usually good but sometimes it does not comply  There's a DestroyFlickr?! Replacement for the woeful Flickr Uploadr?,0
1460825,@unique77 first time in my life I can say I hate you ,1
487671,@MsRobynP YEP BUDDY ITS A BEAUTIFUL DAY LIKE HOW YA SMILE IS ...... KEEP IT THAT WAY SWEETS AND KEEP THAT ON &gt;&gt;&gt;&gt;&gt;  LOL,1
82662,All the times u took me to watch a movie ,0
393446,@creativivi I'm afraid it's option #1 ,1
492066,i confused the userpics of @WHOmagazine and @NWmag.... ya'll might wanna change that.  @FAMOUSweekly has won my heart this week!,1
1251729,Watching &quot;Ang Cute Ng Ina Mo&quot; just for laughs. I must agree that Ai-Ai &amp; Eugene's chemistry/tandem is soooo hilarious. ,1
549678,@simonssistasays Not good shue. He has pneumonia now. It sounds awful but the docs say its just a matter of time. Its not very nice. ,0
307342,@nataliejanette Im so jealous that Im not going to blogher ,0
1278051,reblog if you love arttm - laurenhawks: it’s more than love  http://tumblr.com/xks1wzkeb,1
1560775,"@amiraruzuar HAHA you @replies yourself, dumbass ! but yea, but not much anymore now ",0
82172,"I LOVE THIS SONG! http://bit.ly/acFSo  haha, it didn't get many votes though  haha",0
39888,I lost the game! ,0
1483335,"As of now, finally being home, am renting 2 apts..why..cause its for for a bit i guess.. ",1
1308153,@ohemgeerachelle  let's go job hunting together!,0
494594,"I'm alone and lonley  guess it's just me and the tv, and maybe a bag of chips!",0
1374832,Omg it's raining like crazy  the streets are full of water http://twitpic.com/6oyud,0
845117,@CurseZeit ,1
561497,great day of sport ahead. Pool match then a1gp and rugby! Probably see none of it! ,1
1367750,Office moment: U r last 2 sign a co-worker's farewell card &amp; there is no space left &amp; all the witty things are already said ,0
978243,@kirstykay Yeah that's the only thing cause prepaids are so expensive outright  I'm hoping 3 will be able to change my plan over D:,0
593558,"we'll get the same hotel-room like last summer, wohoo!!! ",1
968288,Hope everyone's having a great week so far! I found out I may need a root canal but other than that life is good! ,1
1453916,"@Itxi_Itx I think so. I logged on to find some of 'the boys' in green, got no better reason NOT to turn green and support them... ",1
186363,Twittering- Like the rest of you birds. ,1
493082,@thechicagored @southsidehitman night you two  i feel like i'm in a raison bran commercial - two scoops ... ,1
301736,"@elanlohmann let me know how that gym concept works out for you  Come play touch with us, you have fun while working out.",1
72160,"@chantelleaustin i just wasn't thematically plugged in with your blog  (I work for a weather company, so you have to pardon me)",1
393789,@myragolden Thanks a bunch! ,1
1248897,I wanna work out but I straightened my hair today. ,0
161503,@aninpradithia gak tau ninku. semuanya bandel. I'm totally losing my soul ,0
1111249,@jesjosie don't dis the WH!!    ,1
1130943,"@BeebeONE Off to the beach again hey, how's the back ",1
373504,"@AmerDelic i hope gael or gonzalez can pull this off, actually ",1
1133616,@jmorey Same here. Totally sucks. ,0
1412338,@mustntgrumble@chorale  You are up early. do you have a busy day ahead? always up early but this morning i go to work makes it different ,0
50981,"@Caffeinified Yeah. My Family runs a &quot;pick-ur-own&quot; patch. 4,000 Strawberry plants. LOTS Of strawberries! ",1
120665,pathetic. really had to message him para matigil ako. hehehe. hay hay hayyyyyyy ,0
874498,"@docky Okay cool thanks Dock!  I'm glad you think it looks good, I'm still learning/adapting to trying out a new style.  tyvm ^___^",1
1148254,rubbish day + now a rubbish mood ,0
405174,just watched the naked kitchen.. very sweet.. ,1
1056523,@JonathanRKnight Hey! I thought there was a pool party at your house today? Nothing to do between 5 and 11?  Andrea,1
1084290,@iamjersey  Nope. You're not coming to Vancouver.,0
823694,@itshooks OUCH! That is not pretty. Hope it didn't land on anything too important like your toes. ,0
176969,Has way too much to do over the next month. ,0
819269,I feel like im that girl in the movie hes just not that into you  haha,0
515388,Oh Serenity was so freaking good!! Kind of sad. ,0
711922,It is a beautiful sunny day today... of course all 3 Skidmore's are sick. ,0
1470872,@badnewsbeerz I'll be there coach!!!!!! ,1
1045580,@thisisjaymie I've been way too busy for my site this week  It makes me feel really guilty when I look at the visitor count and lack of...,0
34528,@heartsandclefs ,0
1187742,@cmellmer  How long have you been on twitter,0
1290722,@mollymoon beautiful weather means lots of ice cream! ,1
1450825,@justinkblack you are correct. I don't doubt my independence... i just doubt the quality of dating in LA. ,0
1562030,"@themoviefight Glad to see you back!  And I believe I am your first voter.  Second question has no choices, though ",0
1291193,My knees hate me... first my left one that needed surgery now my right one that hurts so much I don't want to walk on it ,0
170305,@greenparty_ie Pioneers always do well after an extinction boundary - I wish you every success ,1
622784,"Shoo mosquitoes, don't bother me. June in Miami = Mosquitoes and rain ",0
862988,@urshalicious aww  well how about shooting inside??,0
873216,@TattooedPixie sweet thank you  pixie,1
467570,I thought i had found the tape with my elzhi shoutout on from 2003...turns out it's just college work ,0
89970,gmunden:wels 1:1  www.abl.at,0
648014,Wanted to go out but afraid of giant black clouds above the house... ,0
382629,Talking to the lady from the courier and press ,1
1126867,@reesh heyyyyyy want to hook it up!! lol ,1
984306,"Oh, and I really do know how to spell just.  ",1
1016618,@mollieandjackie Love and Theft is AMAZING! They opened for Taylor Swift back last year!!! Miss ya'll!!! ,1
702343,"is on his way to church for RR setup! God will refresh my spirit, and renew my strength! ",1
1174012,At the beach...trying to relax...nice night ,1
933453,@claudiawinkle will watch on catch up love it but have to watch supernatural tonight mmmm sam and dean!!!  x,1
381316,@johnrillie Not good because the NBL will miss out on seeing the best 3 point shooter in Australia not play ,0
1496614,ughhhh boreedddd!!!!!!!!!!! Wish i could be with mah soldier  mmm lol,1
448866,@glia I love the 1.4 ,1
715858,Nothing much to do.Watching Alton Brown's Good Eats.One of the BEST SHOWS EVER! ,1
1577106,"EEP time...  tarzan, here I come.",0
1158647,it's raining all the day  thats so sad,0
520171,'Had a really crummy start 2 my day but my Tweeps &amp; my online buds really put a smile on my face.  Thx - you're the best!  ,1
1543610,picture to burn - taylor swift!    great song! ,1
1559154,"@simonpoulter at least, he already had some English lessons. Let's see if he brings Clarence ",1
337305,"last night was abit shit, but my house smells of boys so thats an upside  x",1
415027,"I wanna receive reply from Wouter Hamel. But I can't English very well  I envy them!! So, I can't sleep right now..  부럽다!! 답장받�?� 사람들�?� ㅠ0ㅠ",0
215550,@Em_Love i agree with you em. ,1
634094,i has a dumb phone. ,0
417609,"Dear Philippine Fashion Week, I need to wash my laundry today.  http://plurk.com/p/x4ksp",0
1369050,ughhh i feel sick again ,0
854821,@42istheanswer Not yet.    ,0
1544717,@ssowy can we have a complementary copy of EasyTweet? ,1
474845,I know I'm drunk when I'm seeing double ha lol escape reality folks lol it sucks ,0
286914,Were bout to drive thru the sketchiest storm maybe we shoulda held off on dallas for a day or two. Haha I need to find my Burberry case. ,0
478757,is it bad to pray for a miracle so i can get tickets to britney's sep. 4 atlanta show? it's all i want in the world for my birthday ,0
1571731,"@Xanthetwirls It might not be their cuppa, but man, get over it. I hear the same kind of thing about mpreg. Mine is damn good, so there ",1
1380822,I seriously need some sleep ,0
1571099,@hel_no I know. The Kid is on their membership but I'm not.  Makes me sad.,0
1030944,Excited to hear dates of The Sats &quot;Work&quot; signings!  @jaynecollinsmac,1
1256775,@claud_ineee I guess we'll just have to wait ,0
1297222,@yosoyian GOod night to you! ,1
189816,The main exports of the African country of Niger are uranium and chickens. (via @qikipedia) ,1
201634,@KatyParis and me i can't find pitou between my legs ,0
279093,@FrankieDonjae Lucky! I'm getting mine Friday  Can't wait!,1
457633,@frankdilello warm bath and warm milk before bed for toddler. Do not mix milk in bath. ,1
1075340,@donkearns Handing over another baton ,1
1320510,Driving to work. YAY!!! ,0
1430151,"Blog updated with pics from day 1. In the meantime, multi-tasking and currently doing OSPF labs ",1
111503,@kgelert we both got beat ,0
119455,Doing more fliming for new WTS episode and starting a new video project tommrow tehe not telling what its about.  tehe,1
1148978,Just finished a brisk walk around my apt. complex and bumped into a few people I know that I had no idea lived here...feeling better ,1
148688,It was someone's brillant idea to grill... I blame brian. ,1
314833,I hate getting up early ,0
625933,Half way done. ,0
1454222,@renzz hehe you aint the only one up early today ,1
1518879,I f***ed up my auditions. I won't be surprised if I don't make it. ,0
1240207,@Jonasbrothers My favourite song is Paranoid and turn right. I love u guys u r the best. ,1
414566,"@bradiewebbstack sway sway bradie, your so audiooo! i love you ",1
226090,aweeesome long weekend.  just got out of the shower. i'm terribly cold now  homesick. kthanksbye.,0
514548,la la la la la la la la la la la la la\\ XD i wanna go back to fiji.  wat is the time in america? someone tell me.  XD,0
639746,@mattman gosh... Sorry to hear that! ,0
889799,@khyrinthia Sounds sucktastic! (although I'm sure it's good) ,1
1216794,@Missy_E: okay..Maybe later  that sounds like fun ,1
572985,Trial day number two. Hope we get finished today. It's gonna be a long day!! ,0
551657,@fisher_trevor My vote would be Arthur's finest ,1
582070,@Weebly_one I'm assuming you've set one up first?  An extra reply should come through afterwards. #twtbizcard,1
776077,is so ready for Anne Bogart and company. SO ready. Which probably means not ready at all. ,1
541060,would like a nap but can't ,0
1564652,@THEDIAMONDCOACH thanks for the shout out! I do hope I can learn from you ,1
550082,Follow @sksofficial cause he's my favorite friend ,1
474806,"Bed I finally found you, I know 12 on a Friday night. I am lame, but so comfortable ",1
739134,"@dannyo_O yeah, until about 8 weeks ago she was so delightfully cynical and pesimistic. i miss that  lol.  it's good that shes happy tho",0
464015,@3mr_amr i'm here  haha,1
1044591,@beebawler_08 it is EASY! Super easssy BP! ,1
549853,Enjoying a lovely Sunday afternoon  Got back from babysitting and now gonna go shopping and get a coffee!,1
157543,i got yummy as pancakes this morning...wow they were good..wish i got more...only got 2 ,0
738177,had a long night in the ER with my daughter...this morning we are so tired &amp; she won't get out of bed ,0
1294756,@chanvin if I was in atl I so would! Sad day! ,0
166959,"@EricMM76 What's sad is that I actually had to google that term. That sucks, tho. ",0
124551,@angiemartinez  Good-Morrning ! ANGI  Xo'sss Much Love Ma' muahhh!!,1
1393700,@dinuks yeah..and i have this stupid Windows Starter thing where only 3 different progs. can be open. minimize was really working for me. ,0
672651,@sarahsmith5 me either  haha damnit. hmm.. what to do.. what to doo..,0
1350223,..coz I have to cook-and eat alone ,0
503994,@KrisAllenmusic  oh kris!kris!kris!!!!!...hope you'll visit Philippines!!!!!..please!!!!..oh btw what's your favorite color??? ,1
1040118,"I can barely talk, that's how loudly I sang karaoke last night. But come on - u can't nNOT shout when singing Jets' &quot;R U Gonna B My Girl&quot; ",1
855026,@AliBee16 *waves* morning ,1
950800,Just finished my last day. I'm gonna miss my co-workers so much  took a buttload of photos to remember them though.,0
1568485,@charlyirons hey tegan and sara fan! follow @theteganandsara its the official. the one you're following is fan made. ,1
746317,@valentinnaaa sounds good ... my moms making me a cheeseburger ,1
1187694,@nickjonas AHHH I'm seeing you today  going to london in 2 hours ,1
942662,"Is SO HAPPY!! Take That 2morrow, Boyzone on Wednesday &amp; is Luvin' the texts!!!!  WHOOOOOO!!!!",1
525722,@rezaputra : Cha..titip salam buat Agy ya. Im so Happy for her ,1
36480,@Moriqua143 I hope u 2 have fun! ,1
1171540,Ugh I h8 being sad...too many stressful things goin on in my life...I think I wanna spend the rest of my day in bed ,0
485181,I had to force feed Tom otherwise he'll starve to death. ,0
545737,@NoraReed I forgot about it and I already ate lunch  so I guess I'm not going.,0
1386040,cubs game today! BOX SEATS!! cant wait... but really wish zach was here ,0
1447857,@officiallemar You were amazing!! Saw u in Portsmouth on Sunday.. central front row too  sad times some1 stole my purse..the gits! :'( xxx,1
131610,"@madatmama Herb Tarlek (on WKRP) could, but only if he wore white shoes too.  ",1
1591871,Coach B I just saw ur msg you were n okc!!!  4059239095!!! Call me sometime,0
111364,@kabutar Didn't want to let me see it ,0
1170632,They come on @ 9:15. My hopes of getting the 11:20 train are probably in vain. ,0
450770,"@alexlobov this will sound racist  but i want 2c &quot;local&quot; commentary also, not just western experts, respectable analysts tho they may be.",0
420298,"@rachmurrayX 'now I'm sad I met nobody' thanks rach, I see what i mean to you now. I'm 'nobody' ",0
962646,At my jury summons  I hope this isn't ALL day,0
1210845,@alexmdac hah! agreed! ,1
327753,At the park ,1
1477147,"@emzyjonas tbh; i dont know! We got it from an adoption place, cant remember. awh i have a cat. it drives me mental   i want a rabbit :o",0
758407,@KewLLady Thanks for the upload!You're the best ,1
737742,HE'S ONE! ,1
815253,"it's clear, he's just not that into me ",1
726102,Sat on almscliff crag watching the world go by ,1
254208,@bumgenius every morning I either sing the goodmorning monkey song or say wakey wakey eggs n steaky via madagascar &amp; get SMILES from boys ,1
370747,does not like earth climate and evolution ,0
39489,@RobPattinson_ hey just wanted to say I can't wait until New Moon comes out Twilight was amazing you guys did an excellent job ,1
1456207,Stunning Defeat - I (2244) was beaten by hallicarnasus (2037) ,0
1306242,I miss him  I wish he was still here. x,0
287056,on the m6 blasting out paramore! girls road trip baby yeeeeah ,1
130279,ya'll are making me want to go to the beach and I don't like sand ,0
199071,@drkuku because Sunday is followed by Monday ,0
1035440,@ether_radio bad people! i will single handly get you in the top 10 then  haha,1
676311,I like pasta  but i'm not getting a cup of tea made by mum ,0
599047,I cant do a push up ,0
828147,"@Caliguy510 bitch don't hate. Its not meant to b a glamour shot neway,fatso ",1
161038,"@infovestment  what will replace USD? ruble?!  want 2 short euro also, waiting for 60m 200ema, retracement 1.395 http://chart.ly/aprznz $$",1
922412,what happened to WALTER COLLINS? haha  Anyone know? LOLLL,0
1580655,@cheertopgun10 such a late reply. goshh; dislike our parents for MIGHT not letting us fly ,0
750655,@horsekisser He's an amazing jockey! Saw that Clydesdale commercial too..loved it! ,1
671578,@femme_menace let me take another look can't remember if that was my thought when i looked the other day ,1
182228,All I have to say right now is: *sigh* Robert Pattinson    ,1
1406406,@redassyellabone how can you go with the Cowboys?? Betta hope Jerry Jones gets Vick. ,1
1130197,pee'd off. burnt danish. oven wasnt even on high.gotta scrape the black parts off. instead of icecream on the side it will be on top ,0
1451011,"Previous tweet was about 20 hours late due to no cell coverage at the lake. I am no longer there, so I take back my greetings. ",0
758207,is about to being &quot;Vision in White&quot; by Nora Roberts. i'm so excited! off to bed after a few chapters. then a test in the AM. night! ,1
930554,@snowleopardess I'm still there!!!!!! ,1
695452,Tell me how all my contacts and pics deleted ,0
1262904,@JohnnyGWeir  I can't wait seeing new Poker Face ,1
83017,@azianred Get 100 followers a day using www.tweeterfollow.com Once you add everyone you are on the train or pay vip ,1
1177757,I hope it stops raining. Or it atleast doesn't rain on Friday and Saturday ,0
1217589,@McCainBlogette  an &quot;alien &quot; outfit of course.  i'd want to blend in. ,1
1578723,only 1 person online on MSN. I feel lonely ,0
867693,@michaelward82 looks good to me - can't see myself tho' ,0
1460522,"@HollyRusselA darling, whats the link to watch spring awakening, i wanna see  x",1
966995,"Wit dah Princess uv course, missin him mucho ! ! ! ! idk y ughhh i gotta geht thisz off mah chest kusz hesz just dah best &amp;&amp;&amp; all i want ",0
612640,not looking forward to going back to Sydney ,0
888824,@whu LOL! That's Good!!! I'm eating leftovers! Chillin about to watch a movie! Thanks for the Chaka today!!! ,1
1115325,@stonexbaz i am yes thank you  cheered up a bit more. Just annoyed now about barry leaving the villa! x,1
210535,@CodeN1Nj4 Do you got any of that ICY HOT rub? or Tiger Balm? who knows if it would even do anything...Hope it gets better for ya ,1
194750,have become a little disillusioned with twitter ... no one tweets me ,0
476436,"Right bed for me as I have school tomorrow  night all, nice day tweeting as always! X",0
637772,@JennyLou31 Awww...    Just being there has to help.  Ready to listen and a shoulder to cry on.  Prayers for you both.,0
923076,I can't belive that was the last show ever  ly tgp! I recorded heaps =],0
1169678,Taking my piano apart prior to tomorrows tuning.  #musiciangeekery http://twitpic.com/3nezm,1
157031,I use the word &quot;awesome&quot; waaaay too much!!! haha ,1
752017,@jmiAudreyHep so much fun with you tonight...gonna miss ur face...  cant wait for ur bday @ciorii duhhh yes please,0
783009,@NinaAmir i also took a crack at 3drunkwords and 3wordsaftersex.  You should be happy you missed it ,1
429545,@Sherbertuk sunny here as well. The tube driver can do the driving today tho ,1
587763,@utterlyterrific hey  what's up?,1
564244,Mornin Tweeties!!!!!!..im at work....this weather is depressing ,0
1589776,@ULFEE like it ,1
404863,@Haus_OfEmily Glad u got message. So sorry for confusion. Unfortunately that was our entire NZ allocation  and it lasted about 6.2 mins.,0
234451,@craigeryowens wow have fun...I wishi could go to the warped tour this summer! But I can't!  I hope to see u in concert soon! Luv Katelyn!,0
1116559,thank you Tami  http://lookbook.nu/look/65954,1
1349363,@KalebNation HEY KALEB! i have to go!! can you say goodbye to me!? i had to leave the main room ,0
599180,"Wrong guy got sent home on #SYTYCD tonight. Agree with the girl, but not the guy. ",0
1315358,@JonathanRKnight awww i hope not ,0
654139,"@isseygiltrow its horrible, you'll see it today  xx",0
383928,I am cooking tacos for dinner. I say tac-os not ta-cos ,1
847950,On no my fear has come back!!  no ride for me...,0
972364,@RVZB awww becca  you looked so sad earlier,0
988937,"@shayman on a somewhat lucky (for me) note.  I work about 5 blocks from the 905 location, and didn't know it. Still sad. ",0
342100,Time for bed and I'm not tired ,0
813664,http://twitpic.com/7kvci - my pasty white foot on dash of car waiting for Ladley getting haircut. its raining ,0
715031,@MangaXanadu @danielle_leigh Thanks for the links! ,1
64243,"I´m lonley, not even my dog want to spend some time with me ",0
1335168,"@BaunFire he's still sleeping now haha, but felt a lot better on the way home  and i wished we couldve stayed longer too! &lt;3",1
1140476,@missashleyn I've spoken 75 miles south of Arctic Circle in town of 400 only accessibly by plane! Now THAT'S small! ,1
1197870,"12:20 and Sonic is still open, this makes one happy girl. ",1
790219,At the doctors ,0
769999,awww the little baby cardinals are so cute! i bet they are close to flying the nest! ,0
638567,when my grandma said she was leaving on tuesday i didnt think she meant at 6:30 in the morning ,0
794006,Dropped her laptop off the bed. I fail.  goodnight.,0
869242,Just cried when I saw Chris's picture in his new jersey ,1
1140214,Who'dve thunk it? 20 mins on me bike and I'm f*cked! The Pennines might be nice to look at but are absolute tw*ts to ride near... ,0
174563,"@deborahbravandt Went to your link and nothing? A bit like my sex life these days, expectation far exceeding outcome ",0
1532753,"Listening to my favorite asian american (at least i think D singer, gabe bondoc.  you stay classy, planet earth.",1
627928,driving back home  Raging Waters was the shit,0
1576883,"You don't have to feel that U R  a winner! I just know that U R 1, therefore I shall call you A Champion! ",1
105113,Can't wait to hear from my best friend @Korinne93! She's at her lake's house...! ,1
43046,Ack! My phone's ear piece isn't working. Looks like It's speaker or text for me for now ,0
1482109,why wont twitter remember me?  i click &quot;remember me&quot; everytime I log on. ,0
291665,@mikeziemer mikey !!! i only 68 followers ,0
1255787,Plan ruined ,0
459579,@ALiiStack its ok dont be scared we can call Bradie and everything will be ok ,1
1010092,@PatchJacaranda Shit heed ,1
953803,happy maders day ,1
459398,@teamseddie really thanks!!  you're the best!!!,1
312245,@Sharyne88 i know! i love them! haha.. ,1
907451,miss my 3 days escape ,0
95208,Annabelle Lee Anderson is sad that her Daddy moved to Atlanta  http://apps.facebook.com/dogbook/profile/view/6832767,0
893072,omg it's 7:30 in the morning and i woke up on the back of a scooter in emeryville how did this happen   ,0
574615,just a pic of Orlando Bloom without a shirt.....he has the same tat tht I wnt on his belly!!! WTF? Back to the drawin board I guess ,0
1221428,"@poker_gal There's something wrong with my network    ,I can't  visit the Twitter directly，so I use http://itweet.net/web/#  instead……",0
1553887,"@jessica_butler Share, please. I'm insanely hungry. ",0
1377058,@taliajaness Yea..I hate school ,0
715671,@GeekMommy Yeah...for sure. I hope at least you got to sleep this one off. Have a good night! ,1
548850,@annychung. Hahaahha good job anny! Lemme know if she replies!!! ,1
12628,mothers day drama was awesome! ,1
531443,Breakfast at Soho Coffee. What a beautiful day. Shame I will spend the next 9 hours indoors ,0
698368,RESET Challenge &quot;Day 1&quot; coaching hot off the press to the group! YOU GUYS GOT THIS-you cannot fail!   ,1
320131,Nice weather here 28 C better than 42 ,1
327089,bro just confirmed that the AMD graphics card from @keithdsouza's website contest has arrived. but apparently it is not packed properly ,0
1482866,Watching harry potter and the chamber of secrets by myself. ,0
878633,"@tipadaknife I never let myself play too much of a beta anyways, so I don't mind. Hate to ruin content by over-playing it in beta ",0
944355,@Fake_French Sugar Puffs? The Mighty Boosh wouldn't approve. How was the party? ,1
1340382,@Delightedly where are thou? i leave soon ,0
416925,It's raining again...WTF!!!  I can't remember the last time it stayed sunny ALL day in NY/CT. I feel like I'm in Seattle. This sucks!!! ,0
499600,"@Z93Matt...yeah sucky, sucky ",0
188251,@therealnihal I haven't heard that periodic table thing for aggges - great memories of A Level Chemisty ,1
160521,"@lauraeatworld  Yeah, I'll be online, but not until around 1:30ish your time  I'll be online tomorrow though if you're not on tonight",0
458408,enjoying a nice cold cider lolly ,1
1233825,"If I had played the Georgia Cash 4 lottery with my birthday every day this year, I'd have won $5400 so far ",0
814802,@WayneDaStar oh wow THANKS Wayne ,1
1502275,i've got a sore throat ,0
119969,@robinreagler  Thanks,1
1535999,i love BONES...i hate the heat  should i paint my nails?! hmm....,0
161301,Paul better not evict Rico and make him into cat stew! ,0
1213524,@mruffi You drop #followfriday 's on me like it's your job  One back at you - seriously Metro Detroit - mruffi is the man.,1
341958,is pleased as fuck with her GPA ,1
910864,"@cybilrat Oh yes, but as fete makes around £5k head will make us all stand under gazebos and wear waterproofs ",0
562053,"@sah_rah I agree! And yes, I'm sitting next to you ",1
283753,that was for those who didnt get to see it cause he tweeted to someone most of us aren't following ,1
1404273,@joolzp1 i was in laganas  was awesome ,1
1007785,@dlsHealthWorks Lol! Everyone needs a good cheerleader! That is normally my role but I glad to be a part of your team!   Thanks!,1
121753,@ohhhhsierra awesome! lol. we can get an angry mob to come too! ,1
848118,@threadbanger a test of strength? mental aptitude? skill?  you're coming through loud and clear    ,1
69632,finally home  and my hair looked good today.,1
1478089,@alexandramusic welcome back ,1
1493755,"****CONTEST TWIST**** Are u ready? &quot;hunt&quot; down the next Tweet, answer it correctly and you could win BIG! ... IM EXCITED BABY! ",1
227650,@infamous_franki because i know a lot of females like that ok boo u got your head on straight ,1
1407249,Off to Wal Mart and then jogging with friend ,1
1294217,@ciaomari She owes me for the &quot;go relieve the babysitter (sneak off to Digestif w/Missy)&quot; episode anyway. Just soy hot choc tho. ,1
772982,"wants to go to sleep, but can't...... stupid papers ",0
19272,@kimberlynicole I LOVE your hair! so sad I don't get to see you tomorrow  but I promise we'll have a disney date when I get back from WA.,0
599979,"@Kurayumei re stemstell those are bold statements, but an interesting one -so I can dig it ",1
1509777,"jon&amp;kate ..guess we know who wanted normal.and who wanted greed,,,she c&quot;s money .could have stopped show and put family together again . ",0
1410709,up! i just did the groceries. now going to the museum for international museum day! haha ,1
811842,Going home. ,0
209046,Getting Lyrics for all the songs i have on my playlist ,1
1566404,@Petie_Murphy See I told you!!  And congrats!,1
717231,@moccabutterfly I hope so I just need to sleep at night terrible insomnia I am having  How are you doing??,0
1047234,Singing Make It Mine - Karaoke Version Again. Huge Stomach Ache + Yearbook = ,0
17214,i really hate how people diss my bands!  Trace is clearly NOT ugly!,0
1218100,was talkin to sydney.but then got mad soo got off!   i wish she would get back onn! i want to go to her bday pary! but chillin with my ppl,0
698039,Fishies' eggs just hatched! I have a new batch of baby Kribensis  I'll see if I can get a good pic to post later for all who don't care,1
397423,http://twitpic.com/7j8xx - My amazing future husband and I ,1
758462,"great day with danielle. *however, ghostsofgirlfriendspast was pretty disappointing. ",0
